nombre_archivo,url_oficial_verificada
Ley_Organica_2_2006_3_mayo_Educacion_Jefatura.pdf,https://www.boe.es/buscar/pdf/2006/BOE-A-2006-7899-consolidado.pdf
Ley_Organica_3_2020_29_diciembre_modifica_Ley.pdf,https://www.boe.es/boe/dias/2020/12/30/pdfs/BOE-A-2020-17264.pdf
Real_Decreto_157_2022_1_marzo_establecen_ordenacion.pdf,https://www.boe.es/boe/dias/2022/03/02/pdfs/BOE-A-2022-3296.pdf
Real_Decreto_95_2022_1_febrero_establece_ordenacion.pdf,https://www.boe.es/boe/dias/2022/02/02/pdfs/BOE-A-2022-1654.pdf
DECRETO_32_2021_25_noviembre_modifica_Decreto_52.pdf,https://bocyl.jcyl.es/boletines/2021/11/29/pdf/BOCYL-D-29112021-1.pdf
DECRETO_52_2018_27_diciembre_regula_admision_alumnado.pdf,https://bocyl.jcyl.es/boletines/2018/12/28/pdf/BOCYL-D-28122018-2.pdf
ORDEN_EDU_117_2023_26_enero_modifica_Orden.pdf,https://bocyl.jcyl.es/boletines/2023/02/06/pdf/BOCYL-D-06022023-1.pdf
ORDEN_EDU_1623_2021_22_diciembre_modifica_Orden.pdf,https://bocyl.jcyl.es/boletines/2021/12/27/pdf/BOCYL-D-27122021-1.pdf
ORDEN_EDU_70_2019_30_enero_desarrolla_Decreto.pdf,https://bocyl.jcyl.es/boletines/2019/02/01/pdf/BOCYL-D-01022019-1.pdf
ORDEN_EDU_95_2022_14_febrero_regula_proceso.pdf,https://bocyl.jcyl.es/boletines/2022/02/17/pdf/BOCYL-D-17022022-1.pdf
RESOLUCION_26_enero_2026_Direccion_General_Planificacion_Ordenacion.pdf,https://bocyl.jcyl.es/boletines/2026/02/02/pdf/BOCYL-D-02022026-21.pdf
Orden_7_febrero_2001_Modificacion_Jornada_Escolar.pdf,https://bocyl.jcyl.es/boletines/2001/02/09/pdf/BOCYL-D-09022001-2.pdf
ORDEN_EDU_13_2015_13_enero_modifican_disposiciones.pdf,https://bocyl.jcyl.es/boletines/2015/01/22/pdf/BOCYL-D-22012015-1.pdf
ORDEN_EDU_1766_2003_Modificacion_Jornada_Escolar.pdf,https://bocyl.jcyl.es/boletines/2004/01/05/pdf/BOCYL-D-05012004-15.pdf
ORDEN_EDU_20_2014_20_enero_modifica_Orden.pdf,https://bocyl.jcyl.es/boletines/2014/01/28/pdf/BOCYL-D-28012014-1.pdf
DECRETO_37_2022_Curriculo_Infantil.pdf,https://bocyl.jcyl.es/boletines/2022/09/30/pdf/BOCYL-D-30092022-1.pdf
DECRETO_11_2023_29_junio_establecen_precios_publicos.pdf,https://bocyl.jcyl.es/boletines/2023/06/30/pdf/BOCYL-D-30062023-1.pdf
DECRETO_12_2008_14_febrero_determinan_tenidos_educativos.pdf,https://bocyl.jcyl.es/boletines/2008/02/20/pdf/BOCYL-D-20022008-3.pdf
DECRETO_17_2024_5_septiembre_modifica_Decreto_11.pdf,https://bocyl.jcyl.es/boletines/2024/09/09/pdf/BOCYL-D-09092024-1.pdf
ORDEN_EDU_1063_2022_19_agosto_establece_calendario.pdf,https://bocyl.jcyl.es/boletines/2022/08/24/pdf/BOCYL-D-24082022-1.pdf
ORDEN_EDU_1511_2023_29_diciembre_modifica_Orden.pdf,https://bocyl.jcyl.es/boletines/2024/01/11/pdf/BOCYL-D-11012024-2.pdf
ORDEN_EDU_904_2011_13_julio_desarrolla_Decreto.pdf,https://bocyl.jcyl.es/boletines/2011/07/22/pdf/BOCYL-D-22072011-1.pdf
ORDEN_EDU_593_2018_31_mayo_regula_permanencia.pdf,https://bocyl.jcyl.es/boletines/2018/06/06/pdf/BOCYL-D-06062018-1.pdf
DECRETO_38_2022_Curriculo_Primaria.pdf,https://bocyl.jcyl.es/boletines/2022/09/30/pdf/BOCYL-D-30092022-2.pdf
ORDEN_EDU_423_2024_9_mayo_desarrolla_evaluacion.pdf,https://bocyl.jcyl.es/boletines/2024/05/17/pdf/BOCYL-D-17052024-2.pdf
ORDEN_EDU_17_2024_15_enero_regula_evaluacion.pdf,https://bocyl.jcyl.es/boletines/2024/01/23/pdf/BOCYL-D-23012024-1.pdf
DECRETO_3_2019_21_febrero_crea_Banco_libros.pdf,https://bocyl.jcyl.es/boletines/2019/02/22/pdf/BOCYL-D-22022019-1.pdf
ORDEN_EDU_167_2019_26_febrero_regula_participacion.pdf,https://bocyl.jcyl.es/boletines/2019/02/28/pdf/BOCYL-D-28022019-4.pdf
ORDEN_EDU_286_2016_12_abril_concreta_periodo.pdf,https://bocyl.jcyl.es/boletines/2016/04/15/pdf/BOCYL-D-15042016-19.pdf
ORDEN_EDU_49_2020_22_enero_modifica_Orden.pdf,https://bocyl.jcyl.es/boletines/2020/01/31/pdf/BOCYL-D-31012020-8.pdf
ORDEN_EDU_1861_2022_16_diciembre_regula_Programa.pdf,https://bocyl.jcyl.es/boletines/2022/12/27/pdf/BOCYL-D-27122022-1.pdf
ORDEN_EDU_1152_2010_3_agosto_regula_respuesta.pdf,https://bocyl.jcyl.es/boletines/2010/08/13/pdf/BOCYL-D-13082010-1.pdf
ORDEN_EDU_1865_2004_Flexibilizacion_Superdotados.pdf,https://bocyl.jcyl.es/boletines/2004/12/17/pdf/BOCYL-D-17122004-13.pdf
ORDEN_EDU_371_2018_2_abril_modifica_Orden.pdf,https://bocyl.jcyl.es/boletines/2018/04/12/pdf/BOCYL-D-12042018-2.pdf
ORDEN_EDU_865_2009_16_abril_regula_evalua.pdf,https://bocyl.jcyl.es/boletines/2009/04/22/pdf/BOCYL-D-22042009-8.pdf
RESOLUCION_17_agosto_2009_Adaptaciones_Curriculares.pdf,https://bocyl.jcyl.es/boletines/2009/08/26/pdf/BOCYL-D-26082009-2.pdf
ORDEN_EDU_641_2012_25_julio_regula_realizacion.pdf,https://bocyl.jcyl.es/boletines/2012/07/31/pdf/BOCYL-D-31072012-2.pdf
Ley_Organica_2_2006_3_mayo_Educacion_Jefatura.pdf,https://www.boe.es/buscar/pdf/2006/BOE-A-2006-7899-consolidado.pdf
Ley_Organica_3_2022_31_marzo_ordenacion_e.pdf,https://www.boe.es/buscar/pdf/2022/BOE-A-2022-5139-consolidado.pdf
Real_Decreto_278_2023_11_abril_establece_calendario.pdf,https://www.boe.es/buscar/pdf/2023/BOE-A-2023-9045-consolidado.pdf
Real_Decreto_658_2024_9_julio_modifican_Real.pdf,https://www.boe.es/boe/dias/2024/07/10/pdfs/BOE-A-2024-14079.pdf
Real_Decreto_659_2023_18_julio_desarrolla_ordenacion.pdf,https://www.boe.es/buscar/pdf/2023/BOE-A-2023-16889-consolidado.pdf
Real_Decreto_69_2025_4_febrero_desarrollan_elementos.pdf,https://www.boe.es/boe/dias/2025/02/05/pdfs/BOE-A-2025-2039.pdf
Real_Decreto_86_2025_11_febrero_evaluacion_acreditacion.pdf,https://www.boe.es/boe/dias/2025/02/12/pdfs/BOE-A-2025-2575.pdf
Real_Decreto_207_2025_18_marzo_regulan_aspectos.pdf,https://www.boe.es/boe/dias/2025/04/04/pdfs/BOE-A-2025-6797.pdf
Real_Decreto_208_2025_18_marzo_regulan_aspectos.pdf,https://www.boe.es/boe/dias/2025/04/08/pdfs/BOE-A-2025-7040.pdf
Real_Decreto_209_2025_18_marzo_regulan_aspectos.pdf,https://www.boe.es/boe/dias/2025/04/03/pdfs/BOE-A-2025-6699.pdf
Real_Decreto_210_2025_18_marzo_regulan_aspectos.pdf,https://www.boe.es/boe/dias/2025/04/15/pdfs/BOE-A-2025-7588.pdf
Real_Decreto_211_2025_18_marzo_regulan_aspectos.pdf,https://www.boe.es/boe/dias/2025/04/09/pdfs/BOE-A-2025-7096.pdf
Real_Decreto_212_2025_18_marzo_regulan_aspectos.pdf,https://www.boe.es/boe/dias/2025/04/10/pdfs/BOE-A-2025-7193.pdf
Real_Decreto_213_2025_18_marzo_regulan_aspectos.pdf,https://www.boe.es/boe/dias/2025/04/11/pdfs/BOE-A-2025-7295.pdf
Correccion_errores_Real_Decreto_497_2024_21_mayo.pdf,https://www.boe.es/boe/dias/2025/05/23/pdfs/BOE-A-2025-10204.pdf
Correccion_errores_Real_Decreto_500_2024_21_mayo.pdf,https://www.boe.es/boe/dias/2025/05/23/pdfs/BOE-A-2025-10205.pdf
Real_Decreto_1085_2020_9_diciembre_establecen_convalidaciones.pdf,https://www.boe.es/buscar/pdf/2020/BOE-A-2020-17274-consolidado.pdf
Real_Decreto_127_2014_28_febrero_regulan_aspectos.pdf,https://www.boe.es/buscar/pdf/2014/BOE-A-2014-2360-consolidado.pdf
Real_Decreto_497_2024_21_mayo_modifican_determinados_1.pdf,https://www.boe.es/boe/dias/2024/05/28/pdfs/BOE-A-2024-10682.pdf
Real_Decreto_498_2024_21_mayo_modifican_determinados.pdf,https://www.boe.es/boe/dias/2024/05/28/pdfs/BOE-A-2024-10683.pdf
Real_Decreto_499_2024_21_mayo_modifican_determinados.pdf,https://www.boe.es/boe/dias/2024/05/28/pdfs/BOE-A-2024-10684.pdf
Real_Decreto_500_2024_21_mayo_modifican_determinados.pdf,https://www.boe.es/boe/dias/2024/05/28/pdfs/BOE-A-2024-10685.pdf
Real_Decreto_62_2022_25_enero_flexibilizacion_requisitos.pdf,https://www.boe.es/boe/dias/2022/01/27/pdfs/BOE-A-2022-1274.pdf
Real_Decreto_132_2010_12_febrero_establecen_requisitos.pdf,https://www.boe.es/buscar/pdf/2010/BOE-A-2010-4132-consolidado.pdf
Real_Decreto_1558_2005_23_diciembre_regulan_requisitos.pdf,https://www.boe.es/buscar/pdf/2005/BOE-A-2005-21534-consolidado.pdf
Real_Decreto_1834_2008_8_noviembre_definen_condiciones.pdf,https://www.boe.es/buscar/pdf/2008/BOE-A-2008-19174-consolidado.pdf
Real_Decreto_665_2015_17_julio_desarrollan_determinadas.pdf,https://www.boe.es/boe/dias/2015/07/18/pdfs/BOE-A-2015-8043.pdf
Real_Decreto_860_2010_2_julio_regulan_condiciones.pdf,https://www.boe.es/buscar/pdf/2010/BOE-A-2010-11426-consolidado.pdf
Resolucion_27_septiembre_2022_Subsecretaria_resuelve_convocatoria_libre.pdf,https://www.boe.es/boe/dias/2022/10/05/pdfs/BOE-A-2022-16234.pdf
Acuerdo_8_febrero_2024_Jubilacion_Magistrado.pdf,https://www.boe.es/boe/dias/2024/05/01/pdfs/BOE-A-2024-8717.pdf
Ley_31_1995_8_noviembre_Prevencion_Riesgos_Laborales.pdf,https://www.boe.es/buscar/pdf/1995/BOE-A-1995-24292-consolidado.pdf
Orden_ISM_812_2024_26_julio_modifica_Orden.pdf,https://www.boe.es/boe/dias/2024/08/01/pdfs/BOE-A-2024-15859.pdf
Real_Decreto_1493_2011_24_octubre_regulan_terminos.pdf,https://www.boe.es/buscar/pdf/2011/BOE-A-2011-16819-consolidado.pdf
Real_Decreto_39_1997_17_enero_aprueba_Reglamento.pdf,https://www.boe.es/buscar/pdf/1997/BOE-A-1997-1853-consolidado.pdf
Real_Decreto_Legislativo_8_2015_30_octubre_aprueba.pdf,https://www.boe.es/buscar/pdf/2015/BOE-A-2015-11724-consolidado.pdf
Real_Decreto_ley_2_2023_16_marzo_medidas_urgentes.pdf,https://www.boe.es/buscar/pdf/2023/BOE-A-2023-6967-consolidado.pdf
Acuerdo_1_2025_Luto_Oficial_Castilla_y_Leon.pdf,https://bocyl.jcyl.es/boletines/2025/04/01/pdf/BOCYL-D-01042025-1.pdf
DECRETO_24_2024_21_noviembre_establece_curriculo_ciclos.pdf,https://bocyl.jcyl.es/boletines/2024/11/25/pdf/BOCYL-D-25112024-2.pdf
DECRETO_25_2024_21_noviembre_establece_curriculo_ciclos.pdf,https://bocyl.jcyl.es/boletines/2024/11/25/pdf/BOCYL-D-25112024-3.pdf
DECRETO_7_2025_27_marzo_establece_curriculo_cursos.pdf,https://bocyl.jcyl.es/boletines/2025/03/31/pdf/BOCYL-D-31032025-3.pdf
ORDEN_EDU_1285_2024_26_noviembre_establece_curriculo.pdf,https://bocyl.jcyl.es/boletines/2024/12/02/pdf/BOCYL-D-02122024-1.pdf
Correccion_errores_Orden_EDU_1575_2024_Evaluacion_FP.pdf,https://bocyl.jcyl.es/boletines/2025/03/10/pdf/BOCYL-D-10032025-1.pdf
ORDEN_EDU_1103_2014_17_diciembre_regula_proceso.pdf,https://bocyl.jcyl.es/boletines/2014/12/22/pdf/BOCYL-D-22122014-2.pdf
ORDEN_EDU_2169_2008_15_diciembre_regula_proceso.pdf,https://bocyl.jcyl.es/boletines/2008/12/17/pdf/BOCYL-D-17122008-1.pdf
DECRETO_2_2017_12_enero_regula_Formacion_Profesional.pdf,https://bocyl.jcyl.es/boletines/2017/01/16/pdf/BOCYL-D-16012017-2.pdf
ORDEN_EDU_1205_2010_25_agosto_regula_desarrollo.pdf,https://bocyl.jcyl.es/boletines/2010/09/01/pdf/BOCYL-D-01092010-3.pdf
ORDEN_EDU_173_2025_20_febrero_desarrolla_formacion.pdf,https://bocyl.jcyl.es/boletines/2025/03/03/pdf/BOCYL-D-03032025-1.pdf
ORDEN_EDU_398_2017_24_mayo_desarrolla_Decreto.pdf,https://bocyl.jcyl.es/boletines/2017/06/02/pdf/BOCYL-D-02062017-2.pdf
ORDEN_EDU_679_2016_25_julio_regula_Catalogo.pdf,https://bocyl.jcyl.es/boletines/2016/08/04/pdf/BOCYL-D-04082016-1.pdf
Correccion_errores_Orden_EDU_411_2025_Optatividad_FP.pdf,https://bocyl.jcyl.es/boletines/2025/05/09/pdf/BOCYL-D-09052025-1.pdf
ORDEN_EDU_411_2025_15_abril_concreta_optatividad.pdf,https://bocyl.jcyl.es/boletines/2025/04/28/pdf/BOCYL-D-28042025-3.pdf
ORDEN_EDU_414_2025_21_abril_delega_direcciones.pdf,https://bocyl.jcyl.es/boletines/2025/04/29/pdf/BOCYL-D-29042025-11.pdf
ORDEN_EDU_1188_2025_22_octubre_regula_formacion.pdf,https://bocyl.jcyl.es/boletines/2025/11/03/pdf/BOCYL-D-03112025-2.pdf
ORDEN_EDU_556_2016_15_junio_regula_oferta.pdf,https://bocyl.jcyl.es/boletines/2016/06/23/pdf/BOCYL-D-23062016-2.pdf
ORDEN_EDU_588_2024_11_junio_regulan_modalidades.pdf,https://bocyl.jcyl.es/boletines/2024/06/19/pdf/BOCYL-D-19062024-1.pdf
ORDEN_EDU_922_2010_24_junio_regula_formacion.pdf,https://bocyl.jcyl.es/boletines/2010/07/02/pdf/BOCYL-D-02072010-2.pdf
ORDEN_EDU_187_2026_25_febrero_convocan_pruebas.pdf,https://bocyl.jcyl.es/boletines/2026/03/03/pdf/BOCYL-D-03032026-42.pdf
ORDEN_EDU_348_2026_10_abril_convocan_pruebas.pdf,https://bocyl.jcyl.es/boletines/2026/04/16/pdf/BOCYL-D-16042026-72.pdf
ORDEN_EDU_464_2024_10_mayo_modifica_Orden.pdf,https://bocyl.jcyl.es/boletines/2024/05/24/pdf/BOCYL-D-24052024-1.pdf
ORDEN_EDU_527_2025_16_mayo_aprueba_calendario.pdf,https://bocyl.jcyl.es/boletines/2025/05/29/pdf/BOCYL-D-29052025-27.pdf
ORDEN_EDU_602_2022_31_mayo_regula_admision.pdf,https://bocyl.jcyl.es/boletines/2022/06/07/pdf/BOCYL-D-07062022-1.pdf
RESOLUCION_10_abril_2025_Direccion_General_Formacion_Profesional.pdf,https://bocyl.jcyl.es/boletines/2025/04/24/pdf/BOCYL-D-24042025-23.pdf
RESOLUCION_18_agosto_2025_Direccion_General_Formacion_Profesional.pdf,https://bocyl.jcyl.es/boletines/2025/08/21/pdf/BOCYL-D-21082025-18.pdf
DECRETO_51_2007_17_mayo_regulan_derechos_deberes.pdf,https://bocyl.jcyl.es/boletines/2007/05/23/pdf/BOCYL-D-23052007-6.pdf
DECRETO_5_2018_8_marzo_establece_modelo_orientacion.pdf,https://bocyl.jcyl.es/boletines/2018/03/12/pdf/BOCYL-D-12032018-2.pdf
ORDEN_EDU_1054_2012_5_diciembre_regula_organizacion.pdf,https://bocyl.jcyl.es/boletines/2012/12/17/pdf/BOCYL-D-17122012-1.pdf
ORDEN_EDU_1152_2010_3_agosto_regula_respuesta.pdf,https://bocyl.jcyl.es/boletines/2010/08/13/pdf/BOCYL-D-13082010-1.pdf
ORDEN_EDU_522_2017_22_junio_establecen_equipos.pdf,https://bocyl.jcyl.es/boletines/2017/07/03/pdf/BOCYL-D-03072017-20.pdf
ORDEN_EDU_543_2016_13_junio_determinan_medidas.pdf,https://bocyl.jcyl.es/boletines/2016/06/21/pdf/BOCYL-D-21062016-21.pdf
DECRETO_23_2014_12_junio_establece_marco_gobierno.pdf,https://bocyl.jcyl.es/boletines/2014/06/13/pdf/BOCYL-D-13062014-2.pdf
DECRETO_49_2010_18_noviembre_regula_organizacion_funcionamiento.pdf,https://bocyl.jcyl.es/boletines/2010/11/24/pdf/BOCYL-D-24112010-1.pdf
ORDEN_EDU_1051_2016_12_diciembre_regula_organizacion.pdf,https://bocyl.jcyl.es/boletines/2016/12/21/pdf/BOCYL-D-21122016-2.pdf
ORDEN_EDU_1051_2025_18_septiembre_convoca_procedimiento.pdf,https://bocyl.jcyl.es/boletines/2025/09/30/pdf/BOCYL-D-30092025-18.pdf
ORDEN_EDU_390_2024_24_abril_regula_programa.pdf,https://bocyl.jcyl.es/boletines/2024/05/09/pdf/BOCYL-D-09052024-1.pdf
ORDEN_EDU_600_2018_1_junio_regula_procedimiento.pdf,https://bocyl.jcyl.es/boletines/2018/06/12/pdf/BOCYL-D-12062018-1.pdf
ORDEN_EDU_834_2015_2_octubre_regula_proyecto.pdf,https://bocyl.jcyl.es/boletines/2015/10/14/pdf/BOCYL-D-14102015-2.pdf
Correccion_errores_Orden_EDU_104_2017_Premios_FP.pdf,https://bocyl.jcyl.es/boletines/2018/02/12/pdf/BOCYL-D-12022018-8.pdf
ORDEN_EDU_104_2017_1_febrero_regulan_Premios.pdf,https://bocyl.jcyl.es/boletines/2018/02/07/pdf/BOCYL-D-07022018-3.pdf
ORDEN_EDU_1233_2018_15_noviembre_modifica_Orden.pdf,https://bocyl.jcyl.es/boletines/2018/11/23/pdf/BOCYL-D-23112018-9.pdf
ORDEN_EDU_179_2017_10_marzo_regulan_premios.pdf,https://bocyl.jcyl.es/boletines/2017/03/15/pdf/BOCYL-D-15032017-1.pdf
ORDEN_EDU_228_2026_5_marzo_convoca_seleccion.pdf,https://bocyl.jcyl.es/boletines/2026/03/11/pdf/BOCYL-D-11032026-48.pdf
ORDEN_EDU_276_2026_16_marzo_convocan_acciones.pdf,https://bocyl.jcyl.es/boletines/2026/03/23/pdf/BOCYL-D-23032026-56.pdf
ORDEN_EDU_87_2023_13_enero_modifica_Orden.pdf,https://bocyl.jcyl.es/boletines/2023/01/27/pdf/BOCYL-D-27012023-11.pdf
ORDEN_EYH_1050_2021_9_septiembre_modifica_Orden.pdf,https://bocyl.jcyl.es/boletines/2021/09/22/pdf/BOCYL-D-22092021-1.pdf
ORDEN_EYH_758_2017_29_agosto_modifica_Orden.pdf,https://bocyl.jcyl.es/boletines/2017/09/08/pdf/BOCYL-D-08092017-2.pdf
ORDEN_HAC_1605_2011_29_diciembre_desarrolla_gestion.pdf,https://bocyl.jcyl.es/boletines/2011/12/30/pdf/BOCYL-D-30122011-9.pdf
Correccion_erratas_Real_Decreto_1073_2012_Operaciones_Subacuaticas.pdf,https://www.boe.es/boe/dias/2013/01/04/pdfs/BOE-A-2013-113.pdf
Correccion_erratas_Real_Decreto_281_2021_Vehiculos_Hibridos_Electricos.pdf,https://www.boe.es/boe/dias/2021/05/21/pdfs/BOE-A-2021-8451.pdf
Correccion_erratas_Real_Decreto_687_2010_Direccion_Cocina.pdf,https://www.boe.es/boe/dias/2010/08/11/pdfs/BOE-A-2010-12971.pdf
Correccion_erratas_Real_Decreto_880_2011_Instalacion_Amueblamiento.pdf,https://www.boe.es/boe/dias/2011/09/28/pdfs/BOE-A-2011-15212.pdf
Correccion_error_errata_Real_Decreto_1679_2011_Vestuario.pdf,https://www.boe.es/boe/dias/2012/02/24/pdfs/BOE-A-2012-2672.pdf
Correccion_errores_Real_Decreto_1153_2021_Materiales_Compuestos.pdf,https://www.boe.es/boe/dias/2022/02/10/pdfs/BOE-A-2022-2119.pdf
Correccion_errores_Real_Decreto_1157_2024_Sanidad_Ambiental_Aplicada.pdf,https://www.boe.es/boe/dias/2025/05/23/pdfs/BOE-A-2025-10206.pdf
Correccion_errores_Real_Decreto_1572_2011_Transporte_Logistica.pdf,https://www.boe.es/boe/dias/2012/02/16/pdfs/BOE-A-2012-2309.pdf
Correccion_errores_Real_Decreto_1573_2011_Gestion_Ventas.pdf,https://www.boe.es/boe/dias/2012/02/16/pdfs/BOE-A-2012-2310.pdf
Correccion_errores_Real_Decreto_1575_2011_Construccion.pdf,https://www.boe.es/boe/dias/2012/02/16/pdfs/BOE-A-2012-2311.pdf
Correccion_errores_Real_Decreto_1583_2011_Animaciones_3D.pdf,https://www.boe.es/boe/dias/2012/03/12/pdfs/BOE-A-2012-3441.pdf
Correccion_errores_Real_Decreto_1593_2011_Atencion_Dependencia.pdf,https://www.boe.es/boe/dias/2012/02/18/pdfs/BOE-A-2012-2401.pdf
Correccion_errores_Real_Decreto_1683_2011_Postimpresion.pdf,https://www.boe.es/boe/dias/2012/02/24/pdfs/BOE-A-2012-2673.pdf
Correccion_errores_Real_Decreto_1688_2011_Actividades_Comerciales.pdf,https://www.boe.es/boe/dias/2012/03/12/pdfs/BOE-A-2012-3443.pdf
Correccion_errores_Real_Decreto_254_2011_Cultivos_Acuicolas.pdf,https://www.boe.es/boe/dias/2011/05/17/pdfs/BOE-A-2011-8559.pdf
Correccion_errores_Real_Decreto_256_2011_Estetica_Belleza.pdf,https://www.boe.es/boe/dias/2011/05/17/pdfs/BOE-A-2011-8560.pdf
Correccion_errores_Real_Decreto_283_2019_Quimica_Salud_Ambiental.pdf,https://www.boe.es/boe/dias/2019/06/08/pdfs/BOE-A-2019-8508.pdf
Correccion_errores_Real_Decreto_393_2022_Drones.pdf,https://www.boe.es/boe/dias/2022/06/30/pdfs/BOE-A-2022-10806.pdf
Correccion_errores_Real_Decreto_482_2020_Panaderia_Bolleria.pdf,https://www.boe.es/boe/dias/2021/05/25/pdfs/BOE-A-2021-8658.pdf
Real_Decreto_1071_2012_13_julio_establece_titulo.pdf,https://www.boe.es/boe/dias/2012/08/15/pdfs/BOE-A-2012-10863.pdf
Real_Decreto_1072_2012_13_julio_establece_titulo.pdf,https://www.boe.es/boe/dias/2012/08/15/pdfs/BOE-A-2012-10864.pdf
Real_Decreto_1075_2012_13_julio_establece_titulo.pdf,https://www.boe.es/boe/dias/2012/08/15/pdfs/BOE-A-2012-10867.pdf
Real_Decreto_1090_2024_22_octubre_establece_Curso.pdf,https://www.boe.es/boe/dias/2024/10/23/pdfs/BOE-A-2024-21706.pdf
Real_Decreto_1091_2024_22_octubre_establece_Curso.pdf,https://www.boe.es/boe/dias/2024/10/23/pdfs/BOE-A-2024-21707.pdf
Real_Decreto_1092_2024_22_octubre_establece_Curso.pdf,https://www.boe.es/boe/dias/2024/10/23/pdfs/BOE-A-2024-21708.pdf
Real_Decreto_109_2022_8_febrero_establece_curso.pdf,https://www.boe.es/boe/dias/2022/02/09/pdfs/BOE-A-2022-2057.pdf
Real_Decreto_1126_2010_10_septiembre_modifica_Real.pdf,https://www.boe.es/boe/dias/2010/09/11/pdfs/BOE-A-2010-13995.pdf
Real_Decreto_1128_2010_10_septiembre_establece_titulo.pdf,https://www.boe.es/boe/dias/2010/10/08/pdfs/BOE-A-2010-15356.pdf
Real_Decreto_1129_2010_10_septiembre_establece_titulo.pdf,https://www.boe.es/boe/dias/2010/10/08/pdfs/BOE-A-2010-15357.pdf
Real_Decreto_113_2017_17_febrero_establece_titulo.pdf,https://www.boe.es/boe/dias/2017/03/04/pdfs/BOE-A-2017-2309.pdf
Real_Decreto_1144_2012_27_julio_establece_titulo.pdf,https://www.boe.es/boe/dias/2012/08/30/pdfs/BOE-A-2012-11209.pdf
Real_Decreto_1145_2012_27_julio_establece_titulo.pdf,https://www.boe.es/boe/dias/2012/08/30/pdfs/BOE-A-2012-11210.pdf
Real_Decreto_114_2017_17_febrero_establece_titulo.pdf,https://www.boe.es/boe/dias/2017/03/04/pdfs/BOE-A-2017-2310.pdf
Real_Decreto_1153_2021_28_diciembre_establece_curso.pdf,https://www.boe.es/boe/dias/2022/01/24/pdfs/BOE-A-2022-1056.pdf
REAL_DECRETO_1177_2008_11_julio_establece_titulo.pdf,https://www.boe.es/boe/dias/2008/07/28/pdfs/A32557-32587.pdf
Real_Decreto_1254_2009_24_julio_establece_titulo.pdf,https://www.boe.es/boe/dias/2009/09/05/pdfs/BOE-A-2009-14260.pdf
Real_Decreto_1255_2009_24_julio_establece_titulo.pdf,https://www.boe.es/boe/dias/2009/09/05/pdfs/BOE-A-2009-14261.pdf
REAL_DECRETO_1394_2007_29_octubre_establece_titulo.pdf,https://www.boe.es/boe/dias/2007/11/24/pdfs/A48140-48177.pdf
REAL_DECRETO_1396_2007_29_octubre_establece_titulo.pdf,https://www.boe.es/boe/dias/2007/11/23/pdfs/A47950-47979.pdf
REAL_DECRETO_1398_2007_29_octubre_establece_titulo.pdf,https://www.boe.es/boe/dias/2007/11/24/pdfs/A48211-48240.pdf
REAL_DECRETO_1399_2007_29_octubre_establece_titulo.pdf,https://www.boe.es/boe/dias/2007/11/24/pdfs/A48241-48277.pdf
Real_Decreto_1444_2018_14_diciembre_establece_titulo.pdf,https://www.boe.es/boe/dias/2019/01/18/pdfs/BOE-A-2019-544.pdf
Real_Decreto_1446_2018_14_diciembre_establece_titulo.pdf,https://www.boe.es/boe/dias/2019/01/18/pdfs/BOE-A-2019-546.pdf
Real_Decreto_1447_2018_14_diciembre_establece_titulo.pdf,https://www.boe.es/boe/dias/2019/01/18/pdfs/BOE-A-2019-547.pdf
Real_Decreto_1448_2018_14_diciembre_establece_titulo.pdf,https://www.boe.es/boe/dias/2019/01/18/pdfs/BOE-A-2019-548.pdf
Real_Decreto_144_2026_25_febrero_establece_Curso.pdf,https://www.boe.es/boe/dias/2026/02/28/pdfs/BOE-A-2026-4672.pdf
Real_Decreto_145_2026_25_febrero_establece_Curso.pdf,https://www.boe.es/boe/dias/2026/02/28/pdfs/BOE-A-2026-4673.pdf
Real_Decreto_146_2026_25_febrero_establece_Curso.pdf,https://www.boe.es/boe/dias/2026/02/28/pdfs/BOE-A-2026-4674.pdf
Real_Decreto_1571_2011_4_noviembre_establece_Titulo.pdf,https://www.boe.es/boe/dias/2011/12/13/pdfs/BOE-A-2011-19436.pdf
Real_Decreto_1574_2011_4_noviembre_establece_Titulo.pdf,https://www.boe.es/boe/dias/2011/12/13/pdfs/BOE-A-2011-19439.pdf
Real_Decreto_1577_2011_4_noviembre_establece_Titulo.pdf,https://www.boe.es/boe/dias/2011/12/10/pdfs/BOE-A-2011-19352.pdf
Real_Decreto_1579_2011_4_noviembre_establece_Titulo.pdf,https://www.boe.es/boe/dias/2011/12/10/pdfs/BOE-A-2011-19353.pdf
Real_Decreto_1580_2011_4_noviembre_establece_Titulo.pdf,https://www.boe.es/boe/dias/2011/12/15/pdfs/BOE-A-2011-19529.pdf
Real_Decreto_1582_2011_4_noviembre_establece_Titulo.pdf,https://www.boe.es/boe/dias/2011/12/15/pdfs/BOE-A-2011-19531.pdf
Real_Decreto_1584_2011_4_noviembre_establece_Titulo.pdf,https://www.boe.es/boe/dias/2011/12/15/pdfs/BOE-A-2011-19533.pdf
Real_Decreto_1585_2011_4_noviembre_establece_Titulo.pdf,https://www.boe.es/boe/dias/2011/12/15/pdfs/BOE-A-2011-19534.pdf
Real_Decreto_1585_2012_23_noviembre_establece_titulo.pdf,https://www.boe.es/boe/dias/2013/01/05/pdfs/BOE-A-2013-155.pdf
Real_Decreto_1587_2011_4_noviembre_establece_Titulo.pdf,https://www.boe.es/boe/dias/2011/12/15/pdfs/BOE-A-2011-19536.pdf
Real_Decreto_1588_2011_4_noviembre_establece_Titulo.pdf,https://www.boe.es/boe/dias/2011/12/15/pdfs/BOE-A-2011-19537.pdf
Real_Decreto_1590_2011_4_noviembre_establece_Titulo.pdf,https://www.boe.es/boe/dias/2011/12/15/pdfs/BOE-A-2011-19539.pdf
Real_Decreto_1591_2011_4_noviembre_establece_Titulo.pdf,https://www.boe.es/boe/dias/2011/12/15/pdfs/BOE-A-2011-19540.pdf
Real_Decreto_1592_2011_4_noviembre_establece_Titulo.pdf,https://www.boe.es/boe/dias/2011/12/15/pdfs/BOE-A-2011-19541.pdf
Real_Decreto_1629_2009_30_octubre_establece_titulo.pdf,https://www.boe.es/boe/dias/2009/11/18/pdfs/BOE-A-2009-18355.pdf
Real_Decreto_1630_2009_30_octubre_establece_titulo.pdf,https://www.boe.es/boe/dias/2009/12/01/pdfs/BOE-A-2009-19147.pdf
Real_Decreto_1632_2009_30_octubre_establece_titulo.pdf,https://www.boe.es/boe/dias/2009/11/19/pdfs/BOE-A-2009-18404.pdf
Real_Decreto_1633_2009_30_octubre_establece_titulo.pdf,https://www.boe.es/boe/dias/2009/11/20/pdfs/BOE-A-2009-18476.pdf
Real_Decreto_1634_2009_30_octubre_establece_titulo.pdf,https://www.boe.es/boe/dias/2009/12/01/pdfs/BOE-A-2009-19149.pdf
Real_Decreto_1680_2011_18_noviembre_establece_titulo.pdf,https://www.boe.es/boe/dias/2011/12/16/pdfs/BOE-A-2011-19599.pdf
Real_Decreto_1681_2011_18_noviembre_establece_titulo.pdf,https://www.boe.es/boe/dias/2011/12/16/pdfs/BOE-A-2011-19600.pdf
Real_Decreto_1682_2011_18_noviembre_establece_titulo.pdf,https://www.boe.es/boe/dias/2011/12/16/pdfs/BOE-A-2011-19601.pdf
Real_Decreto_1684_2011_18_noviembre_establece_titulo.pdf,https://www.boe.es/boe/dias/2011/12/27/pdfs/BOE-A-2011-20272.pdf
Real_Decreto_1685_2011_18_noviembre_establece_titulo.pdf,https://www.boe.es/boe/dias/2011/12/27/pdfs/BOE-A-2011-20273.pdf
REAL_DECRETO_1686_2007_14_diciembre_establece_titulo.pdf,https://www.boe.es/boe/dias/2008/01/15/pdfs/A02639-02666.pdf
Real_Decreto_1686_2011_18_noviembre_establece_titulo.pdf,https://www.boe.es/boe/dias/2011/12/27/pdfs/BOE-A-2011-20274.pdf
REAL_DECRETO_1687_2007_Programacion_Produccion_Fabricacion_Mecanica.pdf,https://www.boe.es/boe/dias/2008/01/16/pdfs/A03072-03099.pdf
REAL_DECRETO_1688_2007_14_diciembre_establece_titulo.pdf,https://www.boe.es/boe/dias/2008/01/16/pdfs/A03099-03130.pdf
Real_Decreto_1689_2011_18_noviembre_establece_titulo.pdf,https://www.boe.es/boe/dias/2011/12/16/pdfs/BOE-A-2011-19604.pdf
REAL_DECRETO_1690_2007_Servicios_Restauracion.pdf,https://www.boe.es/boe/dias/2008/01/18/pdfs/A03685-03710.pdf
REAL_DECRETO_1691_2007_Sistemas_Microinformaticos_Redes.pdf,https://www.boe.es/boe/dias/2008/01/17/pdfs/A03445-03470.pdf
Real_Decreto_1691_2011_18_noviembre_establece_titulo.pdf,https://www.boe.es/boe/dias/2011/12/16/pdfs/BOE-A-2011-19606.pdf
REAL_DECRETO_1692_2007_14_diciembre_establece_titulo.pdf,https://www.boe.es/boe/dias/2008/01/17/pdfs/A03471-03496.pdf
REAL_DECRETO_174_2008_8_febrero_establece_titulo.pdf,https://www.boe.es/boe/dias/2008/02/29/pdfs/A12345-12372.pdf
Real_Decreto_174_2021_23_marzo_establece_titulo.pdf,https://www.boe.es/boe/dias/2021/03/24/pdfs/BOE-A-2021-4569.pdf
REAL_DECRETO_175_2008_Quimica_Industrial.pdf,https://www.boe.es/boe/dias/2008/02/23/pdfs/A10900-10929.pdf
Real_Decreto_175_2021_23_marzo_establece_curso.pdf,https://www.boe.es/boe/dias/2021/04/15/pdfs/BOE-A-2021-5947.pdf
REAL_DECRETO_176_2008_Carroceria.pdf,https://www.boe.es/boe/dias/2008/02/25/pdfs/A11036-11061.pdf
Real_Decreto_176_2021_23_marzo_establece_curso.pdf,https://www.boe.es/boe/dias/2021/04/15/pdfs/BOE-A-2021-5948.pdf
REAL_DECRETO_177_2008_Instalaciones_Electricas_Automaticas.pdf,https://www.boe.es/boe/dias/2008/03/01/pdfs/A12567-12600.pdf
Real_Decreto_1792_2010_30_diciembre_establece_titulo.pdf,https://www.boe.es/boe/dias/2011/02/02/pdfs/BOE-A-2011-1956.pdf
Real_Decreto_1793_2010_30_diciembre_establece_titulo.pdf,https://www.boe.es/boe/dias/2011/02/02/pdfs/BOE-A-2011-1957.pdf
REAL_DECRETO_1796_2008_3_noviembre_establece_titulo.pdf,https://www.boe.es/boe/dias/2008/11/25/pdfs/A47021-47051.pdf
REAL_DECRETO_1797_2008_3_noviembre_establece_titulo.pdf,https://www.boe.es/boe/dias/2008/11/25/pdfs/A47051-47082.pdf
REAL_DECRETO_1798_2008_Aceites_Oliva_Vinos.pdf,https://www.boe.es/boe/dias/2008/11/25/pdfs/A47082-47112.pdf
Real_Decreto_183_2026_11_marzo_establece_Curso.pdf,https://www.boe.es/boe/dias/2026/03/13/pdfs/BOE-A-2026-5869.pdf
Real_Decreto_184_2026_11_marzo_establece_Curso.pdf,https://www.boe.es/boe/dias/2026/03/13/pdfs/BOE-A-2026-5870.pdf
Real_Decreto_185_2026_11_marzo_establece_Curso.pdf,https://www.boe.es/boe/dias/2026/03/13/pdfs/BOE-A-2026-5871.pdf
Real_Decreto_189_2018_6_abril_establece_titulo.pdf,https://www.boe.es/boe/dias/2018/04/07/pdfs/BOE-A-2018-4748.pdf
Real_Decreto_206_2022_22_marzo_establece_Curso.pdf,https://www.boe.es/boe/dias/2022/04/07/pdfs/BOE-A-2022-5596.pdf
REAL_DECRETO_219_2008_15_febrero_establece_titulo.pdf,https://www.boe.es/boe/dias/2008/03/04/pdfs/A13017-13047.pdf
REAL_DECRETO_220_2008_15_febrero_establece_titulo.pdf,https://www.boe.es/boe/dias/2008/03/04/pdfs/A13047-13079.pdf
Real_Decreto_255_2011_28_febrero_establece_titulo.pdf,https://www.boe.es/boe/dias/2011/04/07/pdfs/BOE-A-2011-6231.pdf
Real_Decreto_257_2011_28_febrero_establece_titulo.pdf,https://www.boe.es/boe/dias/2011/04/07/pdfs/BOE-A-2011-6233.pdf
Real_Decreto_258_2011_28_febrero_establece_titulo.pdf,https://www.boe.es/boe/dias/2011/04/07/pdfs/BOE-A-2011-6234.pdf
Real_Decreto_259_2011_28_febrero_establece_titulo.pdf,https://www.boe.es/boe/dias/2011/04/07/pdfs/BOE-A-2011-6235.pdf
Real_Decreto_261_2021_13_abril_establece_Curso.pdf,https://www.boe.es/boe/dias/2021/05/07/pdfs/BOE-A-2021-7555.pdf
Real_Decreto_262_2021_13_abril_establece_Curso.pdf,https://www.boe.es/boe/dias/2021/05/07/pdfs/BOE-A-2021-7556.pdf
Real_Decreto_263_2021_13_abril_establece_Curso.pdf,https://www.boe.es/boe/dias/2021/05/07/pdfs/BOE-A-2021-7557.pdf
Real_Decreto_279_2021_20_abril_establece_Curso.pdf,https://www.boe.es/boe/dias/2021/05/10/pdfs/BOE-A-2021-7686.pdf
Real_Decreto_280_2021_20_abril_establece_Curso.pdf,https://www.boe.es/boe/dias/2021/05/29/pdfs/BOE-A-2021-8974.pdf
Real_Decreto_287_2023_18_abril_actualizan_titulos.pdf,https://www.boe.es/boe/dias/2023/05/01/pdfs/BOE-A-2023-10393.pdf
Real_Decreto_288_2023_18_abril_actualizan_titulos.pdf,https://www.boe.es/boe/dias/2023/05/01/pdfs/BOE-A-2023-10394.pdf
Real_Decreto_289_2023_18_abril_actualizan_titulos.pdf,https://www.boe.es/boe/dias/2023/05/01/pdfs/BOE-A-2023-10395.pdf
Real_Decreto_290_2023_18_abril_actualizan_titulos.pdf,https://www.boe.es/boe/dias/2023/05/01/pdfs/BOE-A-2023-10396.pdf
Real_Decreto_300_2026_8_abril_establece_titulo.pdf,https://www.boe.es/boe/dias/2026/04/10/pdfs/BOE-A-2026-8022.pdf
Real_Decreto_344_2016_30_septiembre_modifica_anexo.pdf,https://www.boe.es/boe/dias/2016/10/15/pdfs/BOE-A-2016-9476.pdf
Real_Decreto_356_2014_16_mayo_establecen_siete.pdf,https://www.boe.es/boe/dias/2014/05/29/pdfs/BOE-A-2014-5591.pdf
Real_Decreto_384_2011_18_marzo_establece_titulo.pdf,https://www.boe.es/boe/dias/2011/04/14/pdfs/BOE-A-2011-6709.pdf
Real_Decreto_385_2011_18_marzo_establece_titulo.pdf,https://www.boe.es/boe/dias/2011/04/14/pdfs/BOE-A-2011-6710.pdf
Real_Decreto_386_2011_18_marzo_establece_titulo.pdf,https://www.boe.es/boe/dias/2011/04/14/pdfs/BOE-A-2011-6711.pdf
Real_Decreto_387_2011_18_marzo_establece_titulo.pdf,https://www.boe.es/boe/dias/2011/04/14/pdfs/BOE-A-2011-6712.pdf
Real_Decreto_401_2023_29_mayo_actualizan_titulos.pdf,https://www.boe.es/boe/dias/2023/06/03/pdfs/BOE-A-2023-13217.pdf
Real_Decreto_402_2020_25_febrero_establece_titulo.pdf,https://www.boe.es/boe/dias/2020/02/27/pdfs/BOE-A-2020-2738.pdf
Real_Decreto_402_2023_29_mayo_actualiza_titulo.pdf,https://www.boe.es/boe/dias/2023/06/03/pdfs/BOE-A-2023-13218.pdf
Real_Decreto_403_2023_29_mayo_actualiza_titulo.pdf,https://www.boe.es/boe/dias/2023/06/03/pdfs/BOE-A-2023-13219.pdf
Real_Decreto_404_2023_29_mayo_actualizan_titulos.pdf,https://www.boe.es/boe/dias/2023/06/03/pdfs/BOE-A-2023-13220.pdf
Real_Decreto_405_2023_29_mayo_actualizan_titulos.pdf,https://www.boe.es/boe/dias/2023/06/03/pdfs/BOE-A-2023-13221.pdf
Real_Decreto_451_2010_16_abril_establece_titulo.pdf,https://www.boe.es/boe/dias/2010/05/20/pdfs/BOE-A-2010-8068.pdf
Real_Decreto_452_2010_16_abril_establece_titulo.pdf,https://www.boe.es/boe/dias/2010/05/20/pdfs/BOE-A-2010-8069.pdf
Real_Decreto_453_2010_16_abril_establece_titulo.pdf,https://www.boe.es/boe/dias/2010/05/21/pdfs/BOE-A-2010-8119.pdf
Real_Decreto_454_2010_16_abril_establece_titulo.pdf,https://www.boe.es/boe/dias/2010/05/21/pdfs/BOE-A-2010-8120.pdf
Real_Decreto_478_2020_7_abril_establece_Curso.pdf,https://www.boe.es/boe/dias/2020/05/13/pdfs/BOE-A-2020-4962.pdf
Real_Decreto_479_2020_7_abril_establece_Curso.pdf,https://www.boe.es/boe/dias/2020/05/13/pdfs/BOE-A-2020-4963.pdf
Real_Decreto_480_2020_7_abril_establece_Curso.pdf,https://www.boe.es/boe/dias/2020/05/13/pdfs/BOE-A-2020-4964.pdf
Real_Decreto_481_2020_7_abril_establece_Curso.pdf,https://www.boe.es/boe/dias/2020/05/13/pdfs/BOE-A-2020-4965.pdf
Real_Decreto_482_2020_7_abril_establece_Curso.pdf,https://www.boe.es/boe/dias/2020/05/13/pdfs/BOE-A-2020-4966.pdf
Real_Decreto_533_2025_24_junio_establece_titulo.pdf,https://www.boe.es/boe/dias/2025/07/09/pdfs/BOE-A-2025-14086.pdf
Real_Decreto_553_2012_23_marzo_establece_titulo.pdf,https://www.boe.es/boe/dias/2012/04/17/pdfs/BOE-A-2012-5180.pdf
Real_Decreto_555_2012_23_marzo_establece_titulo.pdf,https://www.boe.es/boe/dias/2012/04/18/pdfs/BOE-A-2012-5238.pdf
Real_Decreto_556_2012_23_marzo_establece_titulo.pdf,https://www.boe.es/boe/dias/2012/04/18/pdfs/BOE-A-2012-5239.pdf
Real_Decreto_566_2024_18_junio_establece_Curso.pdf,https://www.boe.es/boe/dias/2024/06/20/pdfs/BOE-A-2024-12503.pdf
Real_Decreto_570_2023_4_julio_establece_titulo.pdf,https://www.boe.es/boe/dias/2023/07/26/pdfs/BOE-A-2023-17167.pdf
Real_Decreto_636_2015_10_julio_establece_titulo.pdf,https://www.boe.es/boe/dias/2015/08/05/pdfs/BOE-A-2015-8804.pdf
Real_Decreto_652_2017_23_junio_establece_titulo.pdf,https://www.boe.es/boe/dias/2017/07/08/pdfs/BOE-A-2017-7982.pdf
Real_Decreto_653_2017_23_junio_establece_titulo.pdf,https://www.boe.es/boe/dias/2017/07/15/pdfs/BOE-A-2017-8301.pdf
Real_Decreto_688_2010_20_mayo_establece_titulo.pdf,https://www.boe.es/boe/dias/2010/06/12/pdfs/BOE-A-2010-9271.pdf
Real_Decreto_689_2010_20_mayo_establece_titulo.pdf,https://www.boe.es/boe/dias/2010/06/12/pdfs/BOE-A-2010-9272.pdf
Real_Decreto_699_2019_29_noviembre_establece_titulo.pdf,https://www.boe.es/boe/dias/2020/01/10/pdfs/BOE-A-2020-341.pdf
Real_Decreto_73_2018_19_febrero_establece_Titulo.pdf,https://www.boe.es/boe/dias/2018/02/20/pdfs/BOE-A-2018-2328.pdf
Real_Decreto_767_2014_12_septiembre_establece_titulo.pdf,https://www.boe.es/boe/dias/2014/10/04/pdfs/BOE-A-2014-10064.pdf
Real_Decreto_768_2014_12_septiembre_establece_titulo.pdf,https://www.boe.es/boe/dias/2014/10/04/pdfs/BOE-A-2014-10065.pdf
Real_Decreto_769_2014_12_septiembre_establece_titulo.pdf,https://www.boe.es/boe/dias/2014/10/04/pdfs/BOE-A-2014-10066.pdf
Real_Decreto_770_2014_12_septiembre_establece_titulo.pdf,https://www.boe.es/boe/dias/2014/10/04/pdfs/BOE-A-2014-10067.pdf
Real_Decreto_771_2014_12_septiembre_establece_titulo.pdf,https://www.boe.es/boe/dias/2014/10/04/pdfs/BOE-A-2014-10068.pdf
Real_Decreto_772_2014_12_septiembre_establece_titulo.pdf,https://www.boe.es/boe/dias/2014/10/04/pdfs/BOE-A-2014-10069.pdf
Real_Decreto_774_2015_28_agosto_establecen_seis.pdf,https://www.boe.es/buscar/pdf/2015/BOE-A-2015-9462-consolidado.pdf
Real_Decreto_779_2013_11_octubre_establece_titulo.pdf,https://www.boe.es/boe/dias/2013/11/20/pdfs/BOE-A-2013-12146.pdf
Real_Decreto_832_2014_3_octubre_establece_titulo.pdf,https://www.boe.es/boe/dias/2014/10/25/pdfs/BOE-A-2014-10872.pdf
Real_Decreto_838_2015_21_septiembre_establece_titulo.pdf,https://www.boe.es/boe/dias/2015/10/06/pdfs/BOE-A-2015-10728.pdf
Real_Decreto_838_2020_15_septiembre_establece_titulo.pdf,https://www.boe.es/boe/dias/2020/10/06/pdfs/BOE-A-2020-11820.pdf
Real_Decreto_84_2026_11_febrero_establece_Curso.pdf,https://www.boe.es/boe/dias/2026/02/12/pdfs/BOE-A-2026-3208.pdf
Real_Decreto_881_2011_24_junio_establece_titulo.pdf,https://www.boe.es/boe/dias/2011/07/23/pdfs/BOE-A-2011-12722.pdf
Real_Decreto_882_2011_24_junio_establece_titulo.pdf,https://www.boe.es/boe/dias/2011/07/23/pdfs/BOE-A-2011-12723.pdf
Real_Decreto_883_2011_24_junio_establece_titulo.pdf,https://www.boe.es/boe/dias/2011/07/23/pdfs/BOE-A-2011-12724.pdf
Real_Decreto_904_2022_25_octubre_establece_Curso.pdf,https://www.boe.es/boe/dias/2022/11/14/pdfs/BOE-A-2022-18596.pdf
Real_Decreto_905_2013_22_noviembre_establece_titulo.pdf,https://www.boe.es/boe/dias/2013/12/17/pdfs/BOE-A-2013-13162.pdf
Real_Decreto_907_2013_22_noviembre_establece_titulo.pdf,https://www.boe.es/boe/dias/2013/12/17/pdfs/BOE-A-2013-13164.pdf
Real_Decreto_90_2018_2_marzo_establece_titulo.pdf,https://www.boe.es/boe/dias/2018/03/03/pdfs/BOE-A-2018-2998.pdf
Real_Decreto_91_2018_2_marzo_establece_titulo.pdf,https://www.boe.es/boe/dias/2018/03/03/pdfs/BOE-A-2018-2999.pdf
Real_Decreto_921_2022_31_octubre_establece_Curso.pdf,https://www.boe.es/boe/dias/2022/11/16/pdfs/BOE-A-2022-18813.pdf
REAL_DECRETO_954_2008_Patronaje_Moda.pdf,https://www.boe.es/boe/dias/2008/06/23/pdfs/A28115-28145.pdf
REAL_DECRETO_955_2008_6_junio_establece_titulo.pdf,https://www.boe.es/boe/dias/2008/06/24/pdfs/A28191-28217.pdf
Real_Decreto_958_2024_24_septiembre_establece_titulo.pdf,https://www.boe.es/boe/dias/2024/10/12/pdfs/BOE-A-2024-20842.pdf
Ley_4_2023_28_febrero_igualdad_real_efectiva.pdf,https://www.boe.es/buscar/pdf/2023/BOE-A-2023-5366-consolidado.pdf
Ley_Organica_2_2006_3_mayo_Educacion_Jefatura.pdf,https://www.boe.es/buscar/pdf/2006/BOE-A-2006-7899-consolidado.pdf
Ley_Organica_3_2018_5_diciembre_Proteccion_Datos.pdf,https://www.boe.es/buscar/pdf/2018/BOE-A-2018-16673-consolidado.pdf
Ley_Organica_3_2020_29_diciembre_modifica_Ley.pdf,https://www.boe.es/buscar/pdf/2020/BOE-A-2020-17264-consolidado.pdf
Ley_Organica_8_1985_3_julio_reguladora_Derecho.pdf,https://www.boe.es/buscar/pdf/1985/BOE-A-1985-12978-consolidado.pdf
Ley_Organica_8_2021_4_junio_proteccion_integral.pdf,https://www.boe.es/buscar/pdf/2021/BOE-A-2021-9347-consolidado.pdf
Orden_29_junio_1994_aprueban_instrucciones_regulan_organizacion.pdf,https://www.boe.es/boe/dias/1994/06/29/pdfs/BOE-A-1994-15723.pdf
Orden_ECD_3388_2003_Organizacion_IES.pdf,https://www.boe.es/boe/dias/2003/12/05/pdfs/A43441-43444.pdf
ORDEN_EDU_1225_2024_14_noviembre_desarrollan_caracteristicas.pdf,https://bocyl.jcyl.es/boletines/2024/11/21/pdf/BOCYL-D-21112024-1.pdf
Real_Decreto_132_2010_12_febrero_establecen_requisitos.pdf,https://www.boe.es/buscar/pdf/2010/BOE-A-2010-4132-consolidado.pdf
Real_Decreto_14_2023_17_enero_modifica_Real.pdf,https://www.boe.es/boe/dias/2023/01/18/pdfs/BOE-A-2023-1190.pdf
Real_Decreto_1834_2008_8_noviembre_definen_condiciones.pdf,https://www.boe.es/buscar/pdf/2008/BOE-A-2008-19174-consolidado.pdf
Real_Decreto_187_2023_21_marzo_modifica_Real.pdf,https://www.boe.es/boe/dias/2023/03/22/pdfs/BOE-A-2023-7411.pdf
Real_Decreto_205_2023_28_marzo_establecen_medidas.pdf,https://www.boe.es/buscar/pdf/2023/BOE-A-2023-7939-consolidado.pdf
Real_Decreto_217_2022_29_marzo_establece_ordenacion.pdf,https://www.boe.es/buscar/pdf/2022/BOE-A-2022-4975-consolidado.pdf
Real_Decreto_242_2009_27_febrero_establecen_convalidaciones.pdf,https://www.boe.es/buscar/pdf/2009/BOE-A-2009-3424-consolidado.pdf
Real_Decreto_243_2022_5_abril_establecen_ordenacion.pdf,https://www.boe.es/buscar/pdf/2022/BOE-A-2022-5521-consolidado.pdf
Real_Decreto_286_2023_18_abril_regula_asignacion.pdf,https://www.boe.es/buscar/pdf/2023/BOE-A-2023-9553-consolidado.pdf
Real_Decreto_482_2025_17_junio_modifica_Real.pdf,https://www.boe.es/boe/dias/2025/06/18/pdfs/BOE-A-2025-12311.pdf
Real_Decreto_534_2024_11_junio_regulan_requisitos.pdf,https://www.boe.es/buscar/pdf/2024/BOE-A-2024-11858-consolidado.pdf
Real_Decreto_658_2024_9_julio_modifican_Real.pdf,https://www.boe.es/boe/dias/2024/07/10/pdfs/BOE-A-2024-14079.pdf
Real_Decreto_83_1996_26_enero_aprueba_Reglamento.pdf,https://www.boe.es/buscar/pdf/1996/BOE-A-1996-3834-consolidado.pdf
Real_Decreto_860_2010_2_julio_regulan_condiciones.pdf,https://www.boe.es/buscar/pdf/2010/BOE-A-2010-11426-consolidado.pdf
Real_Decreto_943_2003_18_julio_regulan_condiciones.pdf,https://www.boe.es/buscar/pdf/2003/BOE-A-2003-15365-consolidado.pdf
Real_Decreto_971_2007_13_julio_deportistas_alto.pdf,https://www.boe.es/buscar/pdf/2007/BOE-A-2007-14231-consolidado.pdf
Resolucion_16_septiembre_2022_Secretaria_Estado_Educacion_publican.pdf,https://www.boe.es/boe/dias/2022/09/16/pdfs/BOE-A-2022-15418.pdf
Resolucion_21_junio_2022_Secretaria_Estado_Educacion_publican.pdf,https://www.boe.es/boe/dias/2022/06/21/pdfs/BOE-A-2022-10452.pdf
Resolucion_3_abril_2024_Secretaria_Estado_Educacion_publican.pdf,https://www.boe.es/boe/dias/2024/04/03/pdfs/BOE-A-2024-6716.pdf
Correccion_errores_DECRETO_40_2022_Curriculo_Bachillerato.pdf,https://bocyl.jcyl.es/boletines/2022/10/05/pdf/BOCYL-D-05102022-1.pdf
DECRETO_10_2025_31_julio_establecen_ordenacion_curriculo.pdf,https://bocyl.jcyl.es/boletines/2025/08/04/pdf/BOCYL-D-04082025-1.pdf
DECRETO_39_2022_Curriculo_ESO.pdf,https://bocyl.jcyl.es/boletines/2022/09/30/pdf/BOCYL-D-30092022-3.pdf
DECRETO_40_2022_29_septiembre_establece_ordenacion_curriculo.pdf,https://bocyl.jcyl.es/boletines/2022/09/30/pdf/BOCYL-D-30092022-4.pdf
ORDEN_EDU_17_2024_15_enero_regula_evaluacion.pdf,https://bocyl.jcyl.es/boletines/2024/01/23/pdf/BOCYL-D-23012024-1.pdf
ORDEN_EDU_424_2024_9_mayo_desarrolla_evaluacion.pdf,https://bocyl.jcyl.es/boletines/2024/05/17/pdf/BOCYL-D-17052024-3.pdf
ORDEN_EDU_425_2024_9_mayo_desarrolla_evaluacion.pdf,https://bocyl.jcyl.es/boletines/2024/05/17/pdf/BOCYL-D-17052024-4.pdf
RESOLUCION_5_marzo_2026_Direccion_General_Innovacion_Formacion.pdf,https://bocyl.jcyl.es/boletines/2026/03/17/pdf/BOCYL-D-17032026-52.pdf
Correccion_errores_ORDEN_EDU_353_2018_Pruebas_Libres_ESO_18_mayo.pdf,https://bocyl.jcyl.es/boletines/2018/05/18/pdf/BOCYL-D-18052018-1.pdf
Correccion_errores_ORDEN_EDU_353_2018_Pruebas_Libres_ESO_19_abril.pdf,https://bocyl.jcyl.es/boletines/2018/04/19/pdf/BOCYL-D-19042018-1.pdf
Correccion_errores_ORDEN_EDU_443_2016_Bachillerato_Investigacion_Excelencia.pdf,https://bocyl.jcyl.es/boletines/2016/06/06/pdf/BOCYL-D-06062016-3.pdf
ORDEN_EDU_1011_2012_23_noviembre_modifica_Orden.pdf,https://bocyl.jcyl.es/boletines/2012/12/03/pdf/BOCYL-D-03122012-8.pdf
ORDEN_EDU_1073_2022_16_agosto_crean_premios.pdf,https://bocyl.jcyl.es/boletines/2022/08/30/pdf/BOCYL-D-30082022-1.pdf
ORDEN_EDU_107_2018_31_enero_regula_Campus.pdf,https://bocyl.jcyl.es/boletines/2018/02/09/pdf/BOCYL-D-09022018-2.pdf
ORDEN_EDU_1332_2023_14_noviembre_regulan_programas.pdf,https://bocyl.jcyl.es/boletines/2023/11/29/pdf/BOCYL-D-29112023-2.pdf
ORDEN_EDU_1861_2022_16_diciembre_regula_Programa.pdf,https://bocyl.jcyl.es/boletines/2022/12/27/pdf/BOCYL-D-27122022-1.pdf
ORDEN_EDU_2163_2008_10_diciembre_regula_convocatoria.pdf,https://bocyl.jcyl.es/boletines/2008/12/18/pdf/BOCYL-D-18122008-17.pdf
ORDEN_EDU_353_2018_27_marzo_regulan_pruebas.pdf,https://bocyl.jcyl.es/boletines/2018/04/06/pdf/BOCYL-D-06042018-2.pdf
ORDEN_EDU_401_2016_10_mayo_regula_imparticion.pdf,https://bocyl.jcyl.es/boletines/2016/05/17/pdf/BOCYL-D-17052016-2.pdf
ORDEN_EDU_425_2015_22_mayo_regulan_especificidades.pdf,https://bocyl.jcyl.es/boletines/2015/06/01/pdf/BOCYL-D-01062015-3.pdf
ORDEN_EDU_441_2016_19_mayo_regulan_ensenanzas.pdf,https://bocyl.jcyl.es/boletines/2016/05/30/pdf/BOCYL-D-30052016-2.pdf
ORDEN_EDU_443_2016_23_mayo_regula_implantacion.pdf,https://bocyl.jcyl.es/boletines/2016/05/26/pdf/BOCYL-D-26052016-1.pdf
ORDEN_EDU_58_2025_23_enero_modifica_Orden.pdf,https://bocyl.jcyl.es/boletines/2025/01/31/pdf/BOCYL-D-31012025-1.pdf
ORDEN_EDU_919_2021_19_julio_regula_Plan.pdf,https://bocyl.jcyl.es/boletines/2021/08/03/pdf/BOCYL-D-03082021-1.pdf
ORDEN_EDU_1076_2016_19_diciembre_establecen_requisitos.pdf,https://bocyl.jcyl.es/boletines/2016/12/22/pdf/BOCYL-D-22122016-5.pdf
ORDEN_EDU_280_2017_6_abril_establecen_medidas.pdf,https://bocyl.jcyl.es/boletines/2017/04/19/pdf/BOCYL-D-19042017-2.pdf
ORDEN_EDU_688_2017_2_agosto_regula_exencion.pdf,https://bocyl.jcyl.es/boletines/2017/08/28/pdf/BOCYL-D-28082017-4.pdf
ORDEN_EDU_689_2018_18_junio_regula_simultaneidad.pdf,https://bocyl.jcyl.es/boletines/2018/06/21/pdf/BOCYL-D-21062018-2.pdf
DECRETO_23_2014_12_junio_establece_marco_gobierno.pdf,https://bocyl.jcyl.es/boletines/2014/06/13/pdf/BOCYL-D-13062014-2.pdf
DECRETO_86_2002_4_julio_aprueba_Reglamento_Organico.pdf,https://bocyl.jcyl.es/boletines/2002/07/10/pdf/BOCYL-D-10072002-1.pdf
ORDEN_EDU_1075_2016_19_diciembre_regulan_proyectos.pdf,https://bocyl.jcyl.es/boletines/2016/12/22/pdf/BOCYL-D-22122016-4.pdf
ORDEN_EDU_1440_2006_13_septiembre_crean_departamentos.pdf,https://bocyl.jcyl.es/boletines/2006/09/18/pdf/BOCYL-D-18092006-27.pdf
ORDEN_EDU_238_2013_11_abril_modifica_Orden.pdf,https://bocyl.jcyl.es/boletines/2013/04/12/pdf/BOCYL-D-12042013-2.pdf
ORDEN_EDU_491_2012_27_junio_concretan_medidas.pdf,https://bocyl.jcyl.es/boletines/2012/07/02/pdf/BOCYL-D-02072012-1.pdf
ORDEN_EDU_507_2014_13_junio_modifica_Orden.pdf,https://bocyl.jcyl.es/boletines/2014/06/24/pdf/BOCYL-D-24062014-1.pdf
ORDEN_EDU_508_2025_9_mayo_modifica_Orden.pdf,https://bocyl.jcyl.es/boletines/2025/05/26/pdf/BOCYL-D-26052025-1.pdf
ORDEN_EDU_551_2021_3_mayo_modifica_Orden.pdf,https://bocyl.jcyl.es/boletines/2021/05/13/pdf/BOCYL-D-13052021-1.pdf
ORDEN_EDU_67_2017_8_febrero_modifica_Orden.pdf,https://bocyl.jcyl.es/boletines/2017/02/16/pdf/BOCYL-D-16022017-3.pdf
ORDEN_EDU_692_2017_18_agosto_modifica_Orden.pdf,https://bocyl.jcyl.es/boletines/2017/08/29/pdf/BOCYL-D-29082017-1.pdf
ORDEN_EDU_939_2017_25_octubre_modifica_Orden.pdf,https://bocyl.jcyl.es/boletines/2017/11/03/pdf/BOCYL-D-03112017-2.pdf
DECRETO_51_2007_17_mayo_regulan_derechos_deberes.pdf,https://bocyl.jcyl.es/boletines/2007/05/23/pdf/BOCYL-D-23052007-6.pdf
DECRETO_52_2014_16_octubre_crea_regula_Observatorio.pdf,https://bocyl.jcyl.es/boletines/2014/10/20/pdf/BOCYL-D-20102014-1.pdf
Ley_3_2014_16_abril_autoridad_profesorado_Comunidad.pdf,https://www.boe.es/boe/dias/2014/05/02/pdfs/BOE-A-2014-5596.pdf
LEY_3_2014_16_abril_autoridad_profesorado_Sea.pdf,https://bocyl.jcyl.es/boletines/2014/05/02/pdf/BOCYL-D-02052014-1.pdf
ORDEN_EDU_1070_2017_1_diciembre_establece_Protocolo.pdf,https://bocyl.jcyl.es/boletines/2017/12/14/pdf/BOCYL-D-14122017-2.pdf
ORDEN_EDU_1071_2017_1_diciembre_establece_Protocolo.pdf,https://bocyl.jcyl.es/boletines/2017/12/14/pdf/BOCYL-D-14122017-3.pdf
ORDEN_EDU_1921_2007_27_noviembre_establecen_medidas.pdf,https://bocyl.jcyl.es/boletines/2007/12/03/pdf/BOCYL-D-03122007-23.pdf
ORDEN_EDU_52_2005_26_ener_o_re.pdf,https://bocyl.jcyl.es/boletines/2005/01/31/pdf/BOCYL-D-31012005-1.pdf
RESOLUCION_15_junio_2009_Direccion_General_Pla_nificacion.pdf,https://bocyl.jcyl.es/boletines/2009/06/26/pdf/BOCYL-D-26062009-23.pdf
Anexo_I_Autorizacion_Evaluacion_Psicopedagogica.pdf,https://bocyl.jcyl.es/boletines/2004/12/17/pdf/BOCYL-D-17122004-13.pdf
Anexo_I_Documento_Individual_Adaptacion_Curricular_Significativa.pdf,https://bocyl.jcyl.es/boletines/2009/08/26/pdf/BOCYL-D-26082009-2.pdf
Anexo_I_Informe_Nivel_Competencia_Linguistica.pdf,https://bocyl.jcyl.es/boletines/2010/05/27/pdf/BOCYL-D-27052010-14.pdf
Anexo_II_Informe_Evaluacion_Psicopedagogica.pdf,https://bocyl.jcyl.es/boletines/2004/12/17/pdf/BOCYL-D-17122004-13.pdf
Anexo_II_Informe_Necesidades_Compensacion_Educativa.pdf,https://bocyl.jcyl.es/boletines/2010/05/27/pdf/BOCYL-D-27052010-14.pdf
Anexo_III_Comunicacion_Conformidad_Necesidades_Compensacion.pdf,https://bocyl.jcyl.es/boletines/2010/05/27/pdf/BOCYL-D-27052010-14.pdf
Anexo_IIIb_Acta_Evaluacion_Equipo_Docente.pdf,https://bocyl.jcyl.es/boletines/2004/12/17/pdf/BOCYL-D-17122004-13.pdf
Anexo_IV_Plan_Actuacion.pdf,https://bocyl.jcyl.es/boletines/2004/12/17/pdf/BOCYL-D-17122004-13.pdf
Anexo_Va_Conformidad_Propuesta_Flexibilizacion_Regimen_General.pdf,https://bocyl.jcyl.es/boletines/2004/12/17/pdf/BOCYL-D-17122004-13.pdf
Anexo_Vb_Conformidad_Propuesta_Flexibilizacion_Regimen_Especial.pdf,https://bocyl.jcyl.es/boletines/2004/12/17/pdf/BOCYL-D-17122004-13.pdf
Anexo_Vc_Conformidad_Alumno_Mayor_Edad_Flexibilizacion.pdf,https://bocyl.jcyl.es/boletines/2004/12/17/pdf/BOCYL-D-17122004-13.pdf
Anexo_VI_Solicitud_Flexibilizacion.pdf,https://bocyl.jcyl.es/boletines/2004/12/17/pdf/BOCYL-D-17122004-13.pdf
Anexo_VII_Informe_Inspeccion_Educativa_Flexibilizacion.pdf,https://bocyl.jcyl.es/boletines/2004/12/17/pdf/BOCYL-D-17122004-13.pdf
Cribado_Altas_Capacidades_Intelectuales.pdf,http://eoepleon1.centros.educa.jcyl.es/sitio/upload/Protocolo_Cribado_AA_CC_1_EP.pdf
DECRETO_5_2018_8_marzo_establece_modelo_orientacion.pdf,https://bocyl.jcyl.es/boletines/2018/03/12/pdf/BOCYL-D-12032018-2.pdf
DETECTA_Deteccion_Dificultades_Lectura.pdf,
Instruccion_2025_2026_Equidad_Orientacion_Educativa.pdf,https://www.educa.jcyl.es/dpzamora/es/informacion-especifica-dp-zamora/area-programas-educativos/equidad-orientacion-educativa-absentismo-escolar/instruccion-equidad-orientacion-educativa-curso-2025-2026.ficheros/1804359-INSTRUCCIONES%20EQUIDAD%20Y%20ORIENTACI%C3%93N%20EDUCATIVA%20CURSO%202025-2026.pdf
Instruccion_24_agosto_2017_Direccion_General_Innovacion_Equidad.pdf,https://www.educa.jcyl.es/dpsegovia/es/area-programas-educativos-p/atencion-diversidad-equidad-educativa/atdi.ficheros/1397697-EDU_%28DGIEE%29_INSTRUCCION_2017-08-24_Datos_Acnees%20%281%29.pdf
ORDEN_EDU_1054_2012_5_diciembre_regula_organizacion.pdf,https://bocyl.jcyl.es/boletines/2012/12/17/pdf/BOCYL-D-17122012-1.pdf
ORDEN_EDU_1152_2010_3_agosto_regula_respuesta.pdf,https://bocyl.jcyl.es/boletines/2010/08/13/pdf/BOCYL-D-13082010-1.pdf
ORDEN_EDU_11_2016_12_enero_crean_Equipo.pdf,https://bocyl.jcyl.es/boletines/2016/01/19/pdf/BOCYL-D-19012016-1.pdf
ORDEN_EDU_1601_2009_20_julio_acuerda_cese.pdf,https://bocyl.jcyl.es/boletines/2009/07/28/pdf/BOCYL-D-28072009-17.pdf
ORDEN_EDU_1865_2004_Flexibilizacion_Superdotados.pdf,https://bocyl.jcyl.es/boletines/2004/12/17/pdf/BOCYL-D-17122004-13.pdf
ORDEN_EDU_371_2018_2_abril_modifica_Orden.pdf,https://bocyl.jcyl.es/boletines/2018/04/12/pdf/BOCYL-D-12042018-2.pdf
ORDEN_EDU_466_2017_13_junio_regula_sistema.pdf,https://bocyl.jcyl.es/boletines/2017/06/20/pdf/BOCYL-D-20062017-1.pdf
ORDEN_EDU_522_2017_22_junio_establecen_equipos.pdf,https://bocyl.jcyl.es/boletines/2017/07/03/pdf/BOCYL-D-03072017-20.pdf
ORDEN_EDU_675_2019_8_julio_modifica_Orden.pdf,https://bocyl.jcyl.es/boletines/2019/07/16/pdf/BOCYL-D-16072019-11.pdf
ORDEN_EDU_865_2009_16_abril_regula_evalua.pdf,https://bocyl.jcyl.es/boletines/2009/04/22/pdf/BOCYL-D-22042009-8.pdf
ORDEN_EDU_987_2012_14_noviembre_regula_organizacion.pdf,https://bocyl.jcyl.es/boletines/2012/11/26/pdf/BOCYL-D-26112012-1.pdf
ORDEN_EYH_1546_2021_15_diciembre_regulan_medidas.pdf,https://bocyl.jcyl.es/boletines/2021/12/28/pdf/BOCYL-D-28122021-1.pdf
RESOLUCION_17_agosto_2009_Adaptaciones_Curriculares.pdf,https://bocyl.jcyl.es/boletines/2009/08/26/pdf/BOCYL-D-26082009-2.pdf
RESOLUCION_17_mayo_2010_Direccion_General_Planificacion_Ordenacion.pdf,https://bocyl.jcyl.es/boletines/2010/05/27/pdf/BOCYL-D-27052010-14.pdf
RESOLUCION_31_agosto_2012_Direccion_General_Innovacion_Educativa.pdf,https://bocyl.jcyl.es/boletines/2012/09/11/pdf/BOCYL-D-11092012-2.pdf
DECRETO_92_2004_Inspeccion_Educativa.pdf,https://bocyl.jcyl.es/boletines/2004/08/03/pdf/BOCYL-D-03082004-1.pdf
ORDEN_EDU_1225_2023_23_octubre_aprueba_Plan.pdf,https://bocyl.jcyl.es/boletines/2023/10/31/pdf/BOCYL-D-31102023-21.pdf
ORDEN_EDU_1373_2008_Inspeccion_Educativa.pdf,https://bocyl.jcyl.es/boletines/2008/07/30/pdf/BOCYL-D-30072008-2.pdf
ORDEN_EDU_1134_2011_6_septiembre_regula_actividad.pdf,https://bocyl.jcyl.es/boletines/2011/09/14/pdf/BOCYL-D-14092011-6.pdf
ORDEN_EDU_1847_2007_19_noviembre_modifica_Orden.pdf,https://bocyl.jcyl.es/boletines/2007/11/23/pdf/BOCYL-D-23112007-38.pdf
ORDEN_EDU_392_2012_30_mayo_modifica_Orden.pdf,https://bocyl.jcyl.es/boletines/2012/06/08/pdf/BOCYL-D-08062012-2.pdf
ORDEN_EDU_6_2006_Secciones_Bilingues.pdf,https://bocyl.jcyl.es/boletines/2006/01/12/pdf/BOCYL-D-12012006-18.pdf
Correccion_errores_ORDEN_EDU_70_2019_Admision_Alumnado.pdf,https://bocyl.jcyl.es/boletines/2019/03/06/pdf/BOCYL-D-06032019-1.pdf
DECRETO_32_2021_25_noviembre_modifica_Decreto_52.pdf,https://bocyl.jcyl.es/boletines/2021/11/29/pdf/BOCYL-D-29112021-1.pdf
DECRETO_52_2018_27_diciembre_regula_admision_alumnado.pdf,https://bocyl.jcyl.es/boletines/2018/12/28/pdf/BOCYL-D-28122018-2.pdf
ORDEN_EDU_1623_2021_22_diciembre_modifica_Orden.pdf,https://bocyl.jcyl.es/boletines/2021/12/27/pdf/BOCYL-D-27122021-1.pdf
ORDEN_EDU_385_2017_22_mayo_regula_calendario.pdf,https://bocyl.jcyl.es/boletines/2017/05/25/pdf/BOCYL-D-25052017-1.pdf
ORDEN_EDU_527_2025_16_mayo_aprueba_calendario.pdf,https://bocyl.jcyl.es/boletines/2025/05/29/pdf/BOCYL-D-29052025-27.pdf
RESOLUCION_26_enero_2026_Direccion_General_Planificacion_Ordenacion.pdf,https://bocyl.jcyl.es/boletines/2026/02/02/pdf/BOCYL-D-02022026-21.pdf
DECRETO_3_2019_21_febrero_crea_Banco_libros.pdf,https://bocyl.jcyl.es/boletines/2019/02/22/pdf/BOCYL-D-22022019-1.pdf
ORDEN_EDU_1051_2025_18_septiembre_convoca_procedimiento.pdf,https://bocyl.jcyl.es/boletines/2025/09/30/pdf/BOCYL-D-30092025-18.pdf
ORDEN_EDU_247_2023_23_febrero_regulan_procedimientos.pdf,https://bocyl.jcyl.es/boletines/2023/03/03/pdf/BOCYL-D-03032023-1.pdf
ORDEN_EDU_286_2016_12_abril_concreta_periodo.pdf,https://bocyl.jcyl.es/boletines/2016/04/15/pdf/BOCYL-D-15042016-19.pdf
ORDEN_EDU_351_2016_25_abril_modifica_Orden.pdf,https://bocyl.jcyl.es/boletines/2016/05/05/pdf/BOCYL-D-05052016-4.pdf
ORDEN_EDU_465_2024_14_mayo_modifica_Orden.pdf,https://bocyl.jcyl.es/boletines/2024/05/24/pdf/BOCYL-D-24052024-2.pdf
ORDEN_EDU_600_2018_1_junio_regula_procedimiento.pdf,https://bocyl.jcyl.es/boletines/2018/06/12/pdf/BOCYL-D-12062018-1.pdf
ORDEN_EDU_747_2014_22_agosto_regula_elaboracion.pdf,https://bocyl.jcyl.es/boletines/2014/09/03/pdf/BOCYL-D-03092014-1.pdf
ORDEN_EDU_763_2017_31_agosto_regulan_proyectos.pdf,https://bocyl.jcyl.es/boletines/2017/09/12/pdf/BOCYL-D-12092017-1.pdf
ORDEN_EDU_834_2015_2_octubre_regula_proyecto.pdf,https://bocyl.jcyl.es/boletines/2015/10/14/pdf/BOCYL-D-14102015-2.pdf
